{
  "split": "new",
  "image_index": 1078,
  "objects": [
    {
      "shape": "cube",
      "pixel_coords": [
        42,
        16,
        12.01263427734375
      ],
      "3d_coords": [
        -1.5569947957992554,
        0.5118982195854187,
        1.2000000476837158
      ],
      "material": "metal",
      "size": "large",
      "color": "blue",
      "rotation": 44.95326283511245
    }
  ],
  "directions": {
    "above": [
      0.0,
      0.0,
      1.0
    ],
    "behind": [
      -0.754490315914154,
      0.6563112735748291,
      0.0
    ],
    "front": [
      0.754490315914154,
      -0.6563112735748291,
      -0.0
    ],
    "left": [
      -0.6563112735748291,
      -0.7544902563095093,
      0.0
    ],
    "right": [
      0.6563112735748291,
      0.7544902563095093,
      -0.0
    ],
    "below": [
      -0.0,
      -0.0,
      -1.0
    ]
  },
  "image_filename": "CLEVR_new_001078.png",
  "relationships": {
    "left": [
      []
    ],
    "behind": [
      []
    ],
    "right": [
      []
    ],
    "front": [
      []
    ]
  }
}