{
  "split": "new",
  "image_index": 477,
  "objects": [
    {
      "shape": "cylinder",
      "pixel_coords": [
        52,
        32,
        8.904104232788086
      ],
      "3d_coords": [
        1.8971972465515137,
        -1.0601606369018555,
        1.2000000476837158
      ],
      "material": "rubber",
      "size": "large",
      "color": "red",
      "rotation": 288.25199979302107
    }
  ],
  "directions": {
    "above": [
      0.0,
      0.0,
      1.0
    ],
    "behind": [
      -0.754490315914154,
      0.6563112735748291,
      0.0
    ],
    "front": [
      0.754490315914154,
      -0.6563112735748291,
      -0.0
    ],
    "left": [
      -0.6563112735748291,
      -0.7544902563095093,
      0.0
    ],
    "right": [
      0.6563112735748291,
      0.7544902563095093,
      -0.0
    ],
    "below": [
      -0.0,
      -0.0,
      -1.0
    ]
  },
  "image_filename": "CLEVR_new_000477.png",
  "relationships": {
    "left": [
      []
    ],
    "behind": [
      []
    ],
    "right": [
      []
    ],
    "front": [
      []
    ]
  }
}