{
  "split": "new",
  "image_index": 704,
  "objects": [
    {
      "shape": "cylinder",
      "pixel_coords": [
        22,
        18,
        11.903013229370117
      ],
      "3d_coords": [
        -2.658909797668457,
        -1.5380016565322876,
        1.2000000476837158
      ],
      "material": "metal",
      "size": "large",
      "color": "gray",
      "rotation": 139.157124502843
    }
  ],
  "directions": {
    "above": [
      0.0,
      0.0,
      1.0
    ],
    "behind": [
      -0.754490315914154,
      0.6563112735748291,
      0.0
    ],
    "front": [
      0.754490315914154,
      -0.6563112735748291,
      -0.0
    ],
    "left": [
      -0.6563112735748291,
      -0.7544902563095093,
      0.0
    ],
    "right": [
      0.6563112735748291,
      0.7544902563095093,
      -0.0
    ],
    "below": [
      -0.0,
      -0.0,
      -1.0
    ]
  },
  "image_filename": "CLEVR_new_000704.png",
  "relationships": {
    "left": [
      []
    ],
    "behind": [
      []
    ],
    "right": [
      []
    ],
    "front": [
      []
    ]
  }
}