{
  "split": "new",
  "image_index": 1196,
  "objects": [
    {
      "shape": "cylinder",
      "pixel_coords": [
        39,
        21,
        10.83172607421875
      ],
      "3d_coords": [
        -0.6598522067070007,
        -0.6393893957138062,
        1.2000000476837158
      ],
      "material": "metal",
      "size": "large",
      "color": "red",
      "rotation": 277.5807916747438
    }
  ],
  "directions": {
    "above": [
      0.0,
      0.0,
      1.0
    ],
    "behind": [
      -0.754490315914154,
      0.6563112735748291,
      0.0
    ],
    "front": [
      0.754490315914154,
      -0.6563112735748291,
      -0.0
    ],
    "left": [
      -0.6563112735748291,
      -0.7544902563095093,
      0.0
    ],
    "right": [
      0.6563112735748291,
      0.7544902563095093,
      -0.0
    ],
    "below": [
      -0.0,
      -0.0,
      -1.0
    ]
  },
  "image_filename": "CLEVR_new_001196.png",
  "relationships": {
    "left": [
      []
    ],
    "behind": [
      []
    ],
    "right": [
      []
    ],
    "front": [
      []
    ]
  }
}