{
  "split": "new",
  "image_index": 258,
  "objects": [
    {
      "shape": "cube",
      "pixel_coords": [
        22,
        22,
        11.359302520751953
      ],
      "3d_coords": [
        -1.8659898042678833,
        -2.0630228519439697,
        1.2000000476837158
      ],
      "material": "metal",
      "size": "large",
      "color": "blue",
      "rotation": 151.05751757142517
    }
  ],
  "directions": {
    "above": [
      0.0,
      0.0,
      1.0
    ],
    "behind": [
      -0.754490315914154,
      0.6563112735748291,
      0.0
    ],
    "front": [
      0.754490315914154,
      -0.6563112735748291,
      -0.0
    ],
    "left": [
      -0.6563112735748291,
      -0.7544902563095093,
      0.0
    ],
    "right": [
      0.6563112735748291,
      0.7544902563095093,
      -0.0
    ],
    "below": [
      -0.0,
      -0.0,
      -1.0
    ]
  },
  "image_filename": "CLEVR_new_000258.png",
  "relationships": {
    "left": [
      []
    ],
    "behind": [
      []
    ],
    "right": [
      []
    ],
    "front": [
      []
    ]
  }
}