{
  "split": "new",
  "image_index": 420,
  "objects": [
    {
      "shape": "cube",
      "pixel_coords": [
        33,
        19,
        11.512330055236816
      ],
      "3d_coords": [
        -1.6651078462600708,
        -0.7413375377655029,
        1.2000000476837158
      ],
      "material": "metal",
      "size": "large",
      "color": "blue",
      "rotation": 101.51862925241717
    }
  ],
  "directions": {
    "above": [
      0.0,
      0.0,
      1.0
    ],
    "behind": [
      -0.754490315914154,
      0.6563112735748291,
      0.0
    ],
    "front": [
      0.754490315914154,
      -0.6563112735748291,
      -0.0
    ],
    "left": [
      -0.6563112735748291,
      -0.7544902563095093,
      0.0
    ],
    "right": [
      0.6563112735748291,
      0.7544902563095093,
      -0.0
    ],
    "below": [
      -0.0,
      -0.0,
      -1.0
    ]
  },
  "image_filename": "CLEVR_new_000420.png",
  "relationships": {
    "left": [
      []
    ],
    "behind": [
      []
    ],
    "right": [
      []
    ],
    "front": [
      []
    ]
  }
}