{
  "split": "new",
  "image_index": 162,
  "objects": [
    {
      "shape": "cube",
      "pixel_coords": [
        76,
        22,
        10.488594055175781
      ],
      "3d_coords": [
        1.9192553758621216,
        1.975270390510559,
        1.2000000476837158
      ],
      "material": "metal",
      "size": "large",
      "color": "gray",
      "rotation": 104.10281879212053
    }
  ],
  "directions": {
    "above": [
      0.0,
      0.0,
      1.0
    ],
    "behind": [
      -0.754490315914154,
      0.6563112735748291,
      0.0
    ],
    "front": [
      0.754490315914154,
      -0.6563112735748291,
      -0.0
    ],
    "left": [
      -0.6563112735748291,
      -0.7544902563095093,
      0.0
    ],
    "right": [
      0.6563112735748291,
      0.7544902563095093,
      -0.0
    ],
    "below": [
      -0.0,
      -0.0,
      -1.0
    ]
  },
  "image_filename": "CLEVR_new_000162.png",
  "relationships": {
    "left": [
      []
    ],
    "behind": [
      []
    ],
    "right": [
      []
    ],
    "front": [
      []
    ]
  }
}