{
  "split": "new",
  "image_index": 445,
  "objects": [
    {
      "shape": "cylinder",
      "pixel_coords": [
        18,
        20,
        11.026732444763184
      ],
      "3d_coords": [
        -2.5500857830047607,
        -1.8817805051803589,
        1.2000000476837158
      ],
      "material": "rubber",
      "size": "large",
      "color": "gray",
      "rotation": 160.70017075512447
    }
  ],
  "directions": {
    "above": [
      0.0,
      0.0,
      1.0
    ],
    "behind": [
      -0.754490315914154,
      0.6563112735748291,
      0.0
    ],
    "front": [
      0.754490315914154,
      -0.6563112735748291,
      -0.0
    ],
    "left": [
      -0.6563112735748291,
      -0.7544902563095093,
      0.0
    ],
    "right": [
      0.6563112735748291,
      0.7544902563095093,
      -0.0
    ],
    "below": [
      -0.0,
      -0.0,
      -1.0
    ]
  },
  "image_filename": "CLEVR_new_000445.png",
  "relationships": {
    "left": [
      []
    ],
    "behind": [
      []
    ],
    "right": [
      []
    ],
    "front": [
      []
    ]
  }
}