{
  "split": "new",
  "image_index": 518,
  "objects": [
    {
      "shape": "cube",
      "pixel_coords": [
        48,
        22,
        11.183094024658203
      ],
      "3d_coords": [
        -0.010078705847263336,
        0.0038994145579636097,
        1.2000000476837158
      ],
      "material": "rubber",
      "size": "large",
      "color": "blue",
      "rotation": 217.14299066368636
    }
  ],
  "directions": {
    "above": [
      0.0,
      0.0,
      1.0
    ],
    "behind": [
      -0.754490315914154,
      0.6563112735748291,
      0.0
    ],
    "front": [
      0.754490315914154,
      -0.6563112735748291,
      -0.0
    ],
    "left": [
      -0.6563112735748291,
      -0.7544902563095093,
      0.0
    ],
    "right": [
      0.6563112735748291,
      0.7544902563095093,
      -0.0
    ],
    "below": [
      -0.0,
      -0.0,
      -1.0
    ]
  },
  "image_filename": "CLEVR_new_000518.png",
  "relationships": {
    "left": [
      []
    ],
    "behind": [
      []
    ],
    "right": [
      []
    ],
    "front": [
      []
    ]
  }
}