{
  "split": "new",
  "image_index": 36,
  "objects": [
    {
      "shape": "cylinder",
      "pixel_coords": [
        33,
        27,
        10.150495529174805
      ],
      "3d_coords": [
        -0.0613495334982872,
        -1.8658241033554077,
        1.2000000476837158
      ],
      "material": "rubber",
      "size": "large",
      "color": "red",
      "rotation": 219.3821787500845
    }
  ],
  "directions": {
    "above": [
      0.0,
      0.0,
      1.0
    ],
    "behind": [
      -0.754490315914154,
      0.6563112735748291,
      0.0
    ],
    "front": [
      0.754490315914154,
      -0.6563112735748291,
      -0.0
    ],
    "left": [
      -0.6563112735748291,
      -0.7544902563095093,
      0.0
    ],
    "right": [
      0.6563112735748291,
      0.7544902563095093,
      -0.0
    ],
    "below": [
      -0.0,
      -0.0,
      -1.0
    ]
  },
  "image_filename": "CLEVR_new_000036.png",
  "relationships": {
    "left": [
      []
    ],
    "behind": [
      []
    ],
    "right": [
      []
    ],
    "front": [
      []
    ]
  }
}