{
  "split": "new",
  "image_index": 511,
  "objects": [
    {
      "shape": "cube",
      "pixel_coords": [
        53,
        25,
        10.251238822937012
      ],
      "3d_coords": [
        0.9311230182647705,
        -0.1916239708662033,
        1.2000000476837158
      ],
      "material": "rubber",
      "size": "large",
      "color": "red",
      "rotation": 170.42542183919443
    }
  ],
  "directions": {
    "above": [
      0.0,
      0.0,
      1.0
    ],
    "behind": [
      -0.754490315914154,
      0.6563112735748291,
      0.0
    ],
    "front": [
      0.754490315914154,
      -0.6563112735748291,
      -0.0
    ],
    "left": [
      -0.6563112735748291,
      -0.7544902563095093,
      0.0
    ],
    "right": [
      0.6563112735748291,
      0.7544902563095093,
      -0.0
    ],
    "below": [
      -0.0,
      -0.0,
      -1.0
    ]
  },
  "image_filename": "CLEVR_new_000511.png",
  "relationships": {
    "left": [
      []
    ],
    "behind": [
      []
    ],
    "right": [
      []
    ],
    "front": [
      []
    ]
  }
}