{
  "split": "new",
  "image_index": 1059,
  "objects": [
    {
      "shape": "cube",
      "pixel_coords": [
        46,
        41,
        7.717443943023682
      ],
      "3d_coords": [
        2.725860595703125,
        -2.316885232925415,
        1.2000000476837158
      ],
      "material": "metal",
      "size": "large",
      "color": "red",
      "rotation": 322.78522592201335
    }
  ],
  "directions": {
    "above": [
      0.0,
      0.0,
      1.0
    ],
    "behind": [
      -0.754490315914154,
      0.6563112735748291,
      0.0
    ],
    "front": [
      0.754490315914154,
      -0.6563112735748291,
      -0.0
    ],
    "left": [
      -0.6563112735748291,
      -0.7544902563095093,
      0.0
    ],
    "right": [
      0.6563112735748291,
      0.7544902563095093,
      -0.0
    ],
    "below": [
      -0.0,
      -0.0,
      -1.0
    ]
  },
  "image_filename": "CLEVR_new_001059.png",
  "relationships": {
    "left": [
      []
    ],
    "behind": [
      []
    ],
    "right": [
      []
    ],
    "front": [
      []
    ]
  }
}