{
  "split": "new",
  "image_index": 128,
  "objects": [
    {
      "shape": "sphere",
      "pixel_coords": [
        50,
        14,
        12.307662010192871
      ],
      "3d_coords": [
        -1.5054075717926025,
        1.712241530418396,
        1.2000000476837158
      ],
      "material": "metal",
      "size": "large",
      "color": "gray",
      "rotation": 16.244347671394017
    }
  ],
  "directions": {
    "above": [
      0.0,
      0.0,
      1.0
    ],
    "behind": [
      -0.754490315914154,
      0.6563112735748291,
      0.0
    ],
    "front": [
      0.754490315914154,
      -0.6563112735748291,
      -0.0
    ],
    "left": [
      -0.6563112735748291,
      -0.7544902563095093,
      0.0
    ],
    "right": [
      0.6563112735748291,
      0.7544902563095093,
      -0.0
    ],
    "below": [
      -0.0,
      -0.0,
      -1.0
    ]
  },
  "image_filename": "CLEVR_new_000128.png",
  "relationships": {
    "left": [
      []
    ],
    "behind": [
      []
    ],
    "right": [
      []
    ],
    "front": [
      []
    ]
  }
}