{
  "split": "new",
  "image_index": 1063,
  "objects": [
    {
      "shape": "cylinder",
      "pixel_coords": [
        39,
        38,
        7.833414077758789
      ],
      "3d_coords": [
        2.2300374507904053,
        -2.7255053520202637,
        1.2000000476837158
      ],
      "material": "rubber",
      "size": "large",
      "color": "gray",
      "rotation": 202.13152719995634
    }
  ],
  "directions": {
    "above": [
      0.0,
      0.0,
      1.0
    ],
    "behind": [
      -0.754490315914154,
      0.6563112735748291,
      0.0
    ],
    "front": [
      0.754490315914154,
      -0.6563112735748291,
      -0.0
    ],
    "left": [
      -0.6563112735748291,
      -0.7544902563095093,
      0.0
    ],
    "right": [
      0.6563112735748291,
      0.7544902563095093,
      -0.0
    ],
    "below": [
      -0.0,
      -0.0,
      -1.0
    ]
  },
  "image_filename": "CLEVR_new_001063.png",
  "relationships": {
    "left": [
      []
    ],
    "behind": [
      []
    ],
    "right": [
      []
    ],
    "front": [
      []
    ]
  }
}