{
  "split": "new",
  "image_index": 40,
  "objects": [
    {
      "shape": "cube",
      "pixel_coords": [
        31,
        23,
        10.143426895141602
      ],
      "3d_coords": [
        -0.8248929977416992,
        -1.4749361276626587,
        1.2000000476837158
      ],
      "material": "rubber",
      "size": "large",
      "color": "blue",
      "rotation": 47.9363065266087
    }
  ],
  "directions": {
    "above": [
      0.0,
      0.0,
      1.0
    ],
    "behind": [
      -0.754490315914154,
      0.6563112735748291,
      0.0
    ],
    "front": [
      0.754490315914154,
      -0.6563112735748291,
      -0.0
    ],
    "left": [
      -0.6563112735748291,
      -0.7544902563095093,
      0.0
    ],
    "right": [
      0.6563112735748291,
      0.7544902563095093,
      -0.0
    ],
    "below": [
      -0.0,
      -0.0,
      -1.0
    ]
  },
  "image_filename": "CLEVR_new_000040.png",
  "relationships": {
    "left": [
      []
    ],
    "behind": [
      []
    ],
    "right": [
      []
    ],
    "front": [
      []
    ]
  }
}