{
  "split": "new",
  "image_index": 375,
  "objects": [
    {
      "shape": "cylinder",
      "pixel_coords": [
        50,
        16,
        12.300453186035156
      ],
      "3d_coords": [
        -1.0506075620651245,
        1.2813152074813843,
        1.2000000476837158
      ],
      "material": "rubber",
      "size": "large",
      "color": "gray",
      "rotation": 283.2157199118096
    }
  ],
  "directions": {
    "above": [
      0.0,
      0.0,
      1.0
    ],
    "behind": [
      -0.754490315914154,
      0.6563112735748291,
      0.0
    ],
    "front": [
      0.754490315914154,
      -0.6563112735748291,
      -0.0
    ],
    "left": [
      -0.6563112735748291,
      -0.7544902563095093,
      0.0
    ],
    "right": [
      0.6563112735748291,
      0.7544902563095093,
      -0.0
    ],
    "below": [
      -0.0,
      -0.0,
      -1.0
    ]
  },
  "image_filename": "CLEVR_new_000375.png",
  "relationships": {
    "left": [
      []
    ],
    "behind": [
      []
    ],
    "right": [
      []
    ],
    "front": [
      []
    ]
  }
}