{
  "split": "new",
  "image_index": 1065,
  "objects": [
    {
      "shape": "cylinder",
      "pixel_coords": [
        49,
        33,
        8.713013648986816
      ],
      "3d_coords": [
        1.7128177881240845,
        -1.5395199060440063,
        1.2000000476837158
      ],
      "material": "metal",
      "size": "large",
      "color": "blue",
      "rotation": 110.13335239647988
    }
  ],
  "directions": {
    "above": [
      0.0,
      0.0,
      1.0
    ],
    "behind": [
      -0.754490315914154,
      0.6563112735748291,
      0.0
    ],
    "front": [
      0.754490315914154,
      -0.6563112735748291,
      -0.0
    ],
    "left": [
      -0.6563112735748291,
      -0.7544902563095093,
      0.0
    ],
    "right": [
      0.6563112735748291,
      0.7544902563095093,
      -0.0
    ],
    "below": [
      -0.0,
      -0.0,
      -1.0
    ]
  },
  "image_filename": "CLEVR_new_001065.png",
  "relationships": {
    "left": [
      []
    ],
    "behind": [
      []
    ],
    "right": [
      []
    ],
    "front": [
      []
    ]
  }
}