{
  "split": "new",
  "image_index": 268,
  "objects": [
    {
      "shape": "cube",
      "pixel_coords": [
        17,
        20,
        10.857501029968262
      ],
      "3d_coords": [
        -2.3934366703033447,
        -2.0999836921691895,
        1.2000000476837158
      ],
      "material": "rubber",
      "size": "large",
      "color": "red",
      "rotation": 131.6698679171049
    }
  ],
  "directions": {
    "above": [
      0.0,
      0.0,
      1.0
    ],
    "behind": [
      -0.754490315914154,
      0.6563112735748291,
      0.0
    ],
    "front": [
      0.754490315914154,
      -0.6563112735748291,
      -0.0
    ],
    "left": [
      -0.6563112735748291,
      -0.7544902563095093,
      0.0
    ],
    "right": [
      0.6563112735748291,
      0.7544902563095093,
      -0.0
    ],
    "below": [
      -0.0,
      -0.0,
      -1.0
    ]
  },
  "image_filename": "CLEVR_new_000268.png",
  "relationships": {
    "left": [
      []
    ],
    "behind": [
      []
    ],
    "right": [
      []
    ],
    "front": [
      []
    ]
  }
}