{
  "split": "new",
  "image_index": 682,
  "objects": [
    {
      "shape": "cube",
      "pixel_coords": [
        21,
        22,
        10.614291191101074
      ],
      "3d_coords": [
        -1.8674877882003784,
        -1.9789139032363892,
        1.2000000476837158
      ],
      "material": "rubber",
      "size": "large",
      "color": "blue",
      "rotation": 123.32743154444748
    }
  ],
  "directions": {
    "above": [
      0.0,
      0.0,
      1.0
    ],
    "behind": [
      -0.754490315914154,
      0.6563112735748291,
      0.0
    ],
    "front": [
      0.754490315914154,
      -0.6563112735748291,
      -0.0
    ],
    "left": [
      -0.6563112735748291,
      -0.7544902563095093,
      0.0
    ],
    "right": [
      0.6563112735748291,
      0.7544902563095093,
      -0.0
    ],
    "below": [
      -0.0,
      -0.0,
      -1.0
    ]
  },
  "image_filename": "CLEVR_new_000682.png",
  "relationships": {
    "left": [
      []
    ],
    "behind": [
      []
    ],
    "right": [
      []
    ],
    "front": [
      []
    ]
  }
}