{
  "split": "new",
  "image_index": 909,
  "objects": [
    {
      "shape": "sphere",
      "pixel_coords": [
        62,
        15,
        11.992918968200684
      ],
      "3d_coords": [
        -0.4502298831939697,
        2.5305066108703613,
        1.2000000476837158
      ],
      "material": "rubber",
      "size": "large",
      "color": "blue",
      "rotation": 247.97235408211668
    }
  ],
  "directions": {
    "above": [
      0.0,
      0.0,
      1.0
    ],
    "behind": [
      -0.754490315914154,
      0.6563112735748291,
      0.0
    ],
    "front": [
      0.754490315914154,
      -0.6563112735748291,
      -0.0
    ],
    "left": [
      -0.6563112735748291,
      -0.7544902563095093,
      0.0
    ],
    "right": [
      0.6563112735748291,
      0.7544902563095093,
      -0.0
    ],
    "below": [
      -0.0,
      -0.0,
      -1.0
    ]
  },
  "image_filename": "CLEVR_new_000909.png",
  "relationships": {
    "left": [
      []
    ],
    "behind": [
      []
    ],
    "right": [
      []
    ],
    "front": [
      []
    ]
  }
}