{
  "split": "new",
  "image_index": 61,
  "objects": [
    {
      "shape": "cube",
      "pixel_coords": [
        40,
        18,
        10.962157249450684
      ],
      "3d_coords": [
        -1.269566535949707,
        -0.0729752629995346,
        1.2000000476837158
      ],
      "material": "metal",
      "size": "large",
      "color": "red",
      "rotation": 9.348406030770175
    }
  ],
  "directions": {
    "above": [
      0.0,
      0.0,
      1.0
    ],
    "behind": [
      -0.754490315914154,
      0.6563112735748291,
      0.0
    ],
    "front": [
      0.754490315914154,
      -0.6563112735748291,
      -0.0
    ],
    "left": [
      -0.6563112735748291,
      -0.7544902563095093,
      0.0
    ],
    "right": [
      0.6563112735748291,
      0.7544902563095093,
      -0.0
    ],
    "below": [
      -0.0,
      -0.0,
      -1.0
    ]
  },
  "image_filename": "CLEVR_new_000061.png",
  "relationships": {
    "left": [
      []
    ],
    "behind": [
      []
    ],
    "right": [
      []
    ],
    "front": [
      []
    ]
  }
}