{
  "split": "new",
  "image_index": 875,
  "objects": [
    {
      "shape": "cylinder",
      "pixel_coords": [
        39,
        45,
        7.204135417938232
      ],
      "3d_coords": [
        2.489079236984253,
        -2.952805280685425,
        1.2000000476837158
      ],
      "material": "rubber",
      "size": "large",
      "color": "red",
      "rotation": 340.3007386557704
    }
  ],
  "directions": {
    "above": [
      0.0,
      0.0,
      1.0
    ],
    "behind": [
      -0.754490315914154,
      0.6563112735748291,
      0.0
    ],
    "front": [
      0.754490315914154,
      -0.6563112735748291,
      -0.0
    ],
    "left": [
      -0.6563112735748291,
      -0.7544902563095093,
      0.0
    ],
    "right": [
      0.6563112735748291,
      0.7544902563095093,
      -0.0
    ],
    "below": [
      -0.0,
      -0.0,
      -1.0
    ]
  },
  "image_filename": "CLEVR_new_000875.png",
  "relationships": {
    "left": [
      []
    ],
    "behind": [
      []
    ],
    "right": [
      []
    ],
    "front": [
      []
    ]
  }
}