{
  "split": "new",
  "image_index": 846,
  "objects": [
    {
      "shape": "sphere",
      "pixel_coords": [
        20,
        19,
        11.166316986083984
      ],
      "3d_coords": [
        -2.486480474472046,
        -1.820927381515503,
        1.2000000476837158
      ],
      "material": "metal",
      "size": "large",
      "color": "gray",
      "rotation": 133.81206817360993
    }
  ],
  "directions": {
    "above": [
      0.0,
      0.0,
      1.0
    ],
    "behind": [
      -0.754490315914154,
      0.6563112735748291,
      0.0
    ],
    "front": [
      0.754490315914154,
      -0.6563112735748291,
      -0.0
    ],
    "left": [
      -0.6563112735748291,
      -0.7544902563095093,
      0.0
    ],
    "right": [
      0.6563112735748291,
      0.7544902563095093,
      -0.0
    ],
    "below": [
      -0.0,
      -0.0,
      -1.0
    ]
  },
  "image_filename": "CLEVR_new_000846.png",
  "relationships": {
    "left": [
      []
    ],
    "behind": [
      []
    ],
    "right": [
      []
    ],
    "front": [
      []
    ]
  }
}