{
  "split": "new",
  "image_index": 529,
  "objects": [
    {
      "shape": "sphere",
      "pixel_coords": [
        40,
        15,
        12.545206069946289
      ],
      "3d_coords": [
        -2.2123138904571533,
        0.658698558807373,
        1.2000000476837158
      ],
      "material": "metal",
      "size": "large",
      "color": "blue",
      "rotation": 1.4379066395573314
    }
  ],
  "directions": {
    "above": [
      0.0,
      0.0,
      1.0
    ],
    "behind": [
      -0.754490315914154,
      0.6563112735748291,
      0.0
    ],
    "front": [
      0.754490315914154,
      -0.6563112735748291,
      -0.0
    ],
    "left": [
      -0.6563112735748291,
      -0.7544902563095093,
      0.0
    ],
    "right": [
      0.6563112735748291,
      0.7544902563095093,
      -0.0
    ],
    "below": [
      -0.0,
      -0.0,
      -1.0
    ]
  },
  "image_filename": "CLEVR_new_000529.png",
  "relationships": {
    "left": [
      []
    ],
    "behind": [
      []
    ],
    "right": [
      []
    ],
    "front": [
      []
    ]
  }
}