{
  "split": "new",
  "image_index": 156,
  "objects": [
    {
      "shape": "sphere",
      "pixel_coords": [
        51,
        23,
        10.723563194274902
      ],
      "3d_coords": [
        0.31985440850257874,
        0.07377109676599503,
        1.2000000476837158
      ],
      "material": "rubber",
      "size": "large",
      "color": "gray",
      "rotation": 49.910071444717296
    }
  ],
  "directions": {
    "above": [
      0.0,
      0.0,
      1.0
    ],
    "behind": [
      -0.754490315914154,
      0.6563112735748291,
      0.0
    ],
    "front": [
      0.754490315914154,
      -0.6563112735748291,
      -0.0
    ],
    "left": [
      -0.6563112735748291,
      -0.7544902563095093,
      0.0
    ],
    "right": [
      0.6563112735748291,
      0.7544902563095093,
      -0.0
    ],
    "below": [
      -0.0,
      -0.0,
      -1.0
    ]
  },
  "image_filename": "CLEVR_new_000156.png",
  "relationships": {
    "left": [
      []
    ],
    "behind": [
      []
    ],
    "right": [
      []
    ],
    "front": [
      []
    ]
  }
}