{
  "split": "new",
  "image_index": 260,
  "objects": [
    {
      "shape": "cube",
      "pixel_coords": [
        60,
        20,
        10.78240966796875
      ],
      "3d_coords": [
        0.48548799753189087,
        1.1994589567184448,
        1.2000000476837158
      ],
      "material": "metal",
      "size": "large",
      "color": "gray",
      "rotation": 262.34765113404285
    }
  ],
  "directions": {
    "above": [
      0.0,
      0.0,
      1.0
    ],
    "behind": [
      -0.754490315914154,
      0.6563112735748291,
      0.0
    ],
    "front": [
      0.754490315914154,
      -0.6563112735748291,
      -0.0
    ],
    "left": [
      -0.6563112735748291,
      -0.7544902563095093,
      0.0
    ],
    "right": [
      0.6563112735748291,
      0.7544902563095093,
      -0.0
    ],
    "below": [
      -0.0,
      -0.0,
      -1.0
    ]
  },
  "image_filename": "CLEVR_new_000260.png",
  "relationships": {
    "left": [
      []
    ],
    "behind": [
      []
    ],
    "right": [
      []
    ],
    "front": [
      []
    ]
  }
}