{
  "split": "new",
  "image_index": 308,
  "objects": [
    {
      "shape": "cylinder",
      "pixel_coords": [
        22,
        25,
        10.149609565734863
      ],
      "3d_coords": [
        -1.0887774229049683,
        -2.39430832862854,
        1.2000000476837158
      ],
      "material": "metal",
      "size": "large",
      "color": "red",
      "rotation": 176.847395590471
    }
  ],
  "directions": {
    "above": [
      0.0,
      0.0,
      1.0
    ],
    "behind": [
      -0.754490315914154,
      0.6563112735748291,
      0.0
    ],
    "front": [
      0.754490315914154,
      -0.6563112735748291,
      -0.0
    ],
    "left": [
      -0.6563112735748291,
      -0.7544902563095093,
      0.0
    ],
    "right": [
      0.6563112735748291,
      0.7544902563095093,
      -0.0
    ],
    "below": [
      -0.0,
      -0.0,
      -1.0
    ]
  },
  "image_filename": "CLEVR_new_000308.png",
  "relationships": {
    "left": [
      []
    ],
    "behind": [
      []
    ],
    "right": [
      []
    ],
    "front": [
      []
    ]
  }
}