{
  "split": "new",
  "image_index": 998,
  "objects": [
    {
      "shape": "cube",
      "pixel_coords": [
        47,
        18,
        12.480400085449219
      ],
      "3d_coords": [
        -1.075573444366455,
        0.7705821394920349,
        1.2000000476837158
      ],
      "material": "metal",
      "size": "large",
      "color": "red",
      "rotation": 163.69242754835648
    }
  ],
  "directions": {
    "above": [
      0.0,
      0.0,
      1.0
    ],
    "behind": [
      -0.754490315914154,
      0.6563112735748291,
      0.0
    ],
    "front": [
      0.754490315914154,
      -0.6563112735748291,
      -0.0
    ],
    "left": [
      -0.6563112735748291,
      -0.7544902563095093,
      0.0
    ],
    "right": [
      0.6563112735748291,
      0.7544902563095093,
      -0.0
    ],
    "below": [
      -0.0,
      -0.0,
      -1.0
    ]
  },
  "image_filename": "CLEVR_new_000998.png",
  "relationships": {
    "left": [
      []
    ],
    "behind": [
      []
    ],
    "right": [
      []
    ],
    "front": [
      []
    ]
  }
}