{
  "split": "new",
  "image_index": 23,
  "objects": [
    {
      "shape": "sphere",
      "pixel_coords": [
        19,
        23,
        10.260346412658691
      ],
      "3d_coords": [
        -1.6134402751922607,
        -2.350985527038574,
        1.2000000476837158
      ],
      "material": "rubber",
      "size": "large",
      "color": "gray",
      "rotation": 328.4741789161924
    }
  ],
  "directions": {
    "above": [
      0.0,
      0.0,
      1.0
    ],
    "behind": [
      -0.754490315914154,
      0.6563112735748291,
      0.0
    ],
    "front": [
      0.754490315914154,
      -0.6563112735748291,
      -0.0
    ],
    "left": [
      -0.6563112735748291,
      -0.7544902563095093,
      0.0
    ],
    "right": [
      0.6563112735748291,
      0.7544902563095093,
      -0.0
    ],
    "below": [
      -0.0,
      -0.0,
      -1.0
    ]
  },
  "image_filename": "CLEVR_new_000023.png",
  "relationships": {
    "left": [
      []
    ],
    "behind": [
      []
    ],
    "right": [
      []
    ],
    "front": [
      []
    ]
  }
}