{
  "split": "new",
  "image_index": 630,
  "objects": [
    {
      "shape": "sphere",
      "pixel_coords": [
        47,
        26,
        9.403528213500977
      ],
      "3d_coords": [
        0.8408854603767395,
        -0.7678335309028625,
        1.2000000476837158
      ],
      "material": "rubber",
      "size": "large",
      "color": "blue",
      "rotation": 183.09029648794788
    }
  ],
  "directions": {
    "above": [
      0.0,
      0.0,
      1.0
    ],
    "behind": [
      -0.754490315914154,
      0.6563112735748291,
      0.0
    ],
    "front": [
      0.754490315914154,
      -0.6563112735748291,
      -0.0
    ],
    "left": [
      -0.6563112735748291,
      -0.7544902563095093,
      0.0
    ],
    "right": [
      0.6563112735748291,
      0.7544902563095093,
      -0.0
    ],
    "below": [
      -0.0,
      -0.0,
      -1.0
    ]
  },
  "image_filename": "CLEVR_new_000630.png",
  "relationships": {
    "left": [
      []
    ],
    "behind": [
      []
    ],
    "right": [
      []
    ],
    "front": [
      []
    ]
  }
}